{"questions": [{"question": "原因中的谓语或状态", "question_type": "multi", "group": "1", "enum_values": [], "key": 2}, {"question": "中心词", "question_type": "single", "group": "1", "enum_values": [], "key": 5}, {"question": "结果中的核心名词", "question_type": "multi", "group": "1", "enum_values": [], "key": 3}, {"question": "原因中的核心名词", "question_type": "multi", "group": "1", "enum_values": [], "key": 1}, {"question": "结果中的谓语或状态", "question_type": "multi", "group": "1", "enum_values": [], "key": 4}]}
